,Title,Location,Scale,Date_start,Date_finish,Size_one,Size_two,Price_one,Price_two
0,계양 동도센트리움 골든베이,인천광역시 계양구 효성동 152-1번지 일원,131세대,2022-01-03,2022-01-06,80.394,96.406,"39,570","47,910"
1,나주역자이 리버파크,전라남도 나주시 송월동 135-3,1554세대,2022-01-03,2022-01-05,79.5323,233.3925,"24,870","139,350"
2,남원 월락 유탑 유블레스 킹덤,전라북도 남원시 월미안길 6(월락동),359세대,2022-01-03,2022-01-05,115.6934,133.1333,"36,300","41,500"
3,안성 우방아이유쉘 에스티지,경기도 안성시 공도읍 양기리 302-2번지 일원,948세대,2022-01-03,2022-01-06,112.2088,198.3591,"43,605","120,000"
4,엘리프세종,세종특별자치시 조치원읍 봉산리379,660세대,2022-01-03,2022-01-05,79.9291,212.4197,"26,332","73,520"
5,오산 라온프라이빗 스위트,경기도 오산시 고현동 16번지 일원,438세대,2022-01-03,2022-01-06,109.6248,114.8302,"45,600","73,000"
6,음성 동문 디 이스트,충청북도 음성군 대소면 성본리 성본산업단지 B5블록,687세대,2022-01-03,2022-01-06,110.3724,110.3724,"31,700","32,600"
7,음성 푸르지오 더 퍼스트,충청북도 음성군 대소면 성본산업단지 B3블록,1048세대,2022-01-03,2022-01-06,100.8543,138.2894,"28,700","40,900"
8,천안 성성 비스타동원,충청남도 천안시 서북구 성성4길 53(성성동),1195세대,2022-01-03,2022-01-06,116.6664,138.2933,"50,600","61,250"
9,달서 롯데캐슬 센트럴스카이,대구광역시 달서구 구마로14길 13(본동),481세대,2022-01-04,2022-01-07,115.8639,115.7598,"65,100","65,000"
10,더샵 송도아크베이(B3BL),인천광역시 연수구 송도동 30-5,608세대,2022-01-04,2022-01-06,113.7471,244.4545,"80,000","230,000"
11,음성 동문 디 이스트,충청북도 음성군 대소면 성본리 성본산업단지 B5블록,687세대,2022-01-03,2022-01-06,110.3724,110.3724,"31,700","32,600"
12,음성 푸르지오 더 퍼스트,충청북도 음성군 대소면 성본산업단지 B3블록,1048세대,2022-01-03,2022-01-06,100.8543,138.2894,"28,700","40,900"
13,경주 엘크루 헤리파크,경상북도 경주시 진현동 779-1일대,337세대,2022-01-06,2022-01-10,78.3646,110.413,"27,400","36,800"
14,광주탄벌 서희스타힐스1단지,경기도 광주시 탄벌동 509번지 일원,90세대,2022-01-10,2022-01-13,84.0722,95.98,"42,100","47,260"
15,광주탄벌 서희스타힐스2단지,경기도 광주시 탄벌동 532번지 일원,82세대,2022-01-10,2022-01-13,80.4604,81.9254,"40,290","40,210"
16,남악 오룡지구 39BL 오룡 푸르지오 파르세나,전라남도 무안군 일로읍 망월리 남악신도시 오룡택지지구 39BL,380세대,2022-01-10,2022-01-12,111.7374,112.694,"37,415","34,954"
17,남악 오룡지구 40BL 오룡 푸르지오 파르세나,전라남도 무안군 일로읍 망월리 남악신도시 오룡택지지구 40BL,352세대,2022-01-10,2022-01-12,112.6072,113.8469,"37,404","37,816"
18,신천역 한라비발디,경기도 시흥시 신천동 83-6,1297세대,2022-01-10,2022-01-13,117.7915,154.7787,"69,960","85,790"
19,쌍용 더 플래티넘 오시리아,부산광역시 기장군 기장읍 연화리 294번지 일원,191세대,2022-01-10,2022-01-12,111.3017,111.431,"76,860","163,640"
20,영대병원역 골드클래스 센트럴,대구광역시 남구 대명동 157-3,660세대,2022-01-10,2022-01-13,115.2873,116.4386,"56,497","56,779"
21,진천 금호어울림 센트럴파크,충청북도 진천군 이월면 송림리 451-1 일원,378세대,2022-01-10,2022-01-12,99.8234,110.0449,"25,940","28,030"
22,평촌자이아이파크,경기도 안양시 동안구 비산동 515-2번지 일원,153세대,2022-01-10,2022-01-13,59.1094,112.7975,"49,000","91,960"
23,포항 펜타시티 동화아이위시,경상북도 포항시 북구 흥해읍 포항융합기술산업지구 A5,522세대,2022-01-10,2022-01-12,112.9577,262.9529,"33,990","79,990"
24,포항자이 애서턴,경상북도 포항시 북구 학잠동 93-4번지 일원,1433세대,2022-01-10,2022-01-12,111.5871,227.9067,"51,320","185,000"
25,인천 검단신도시 AB19블록 호반써밋V(사전청약),인천광역시 서구 원당동 검단신도시AB19블록,771세대,2022-01-10,2022-01-12,111.9762,112.03,"46,475","46,500"
26,인천 검단신도시 AB20-1블록 제일풍경채 검단Ⅲ(사전청약),인천광역시 서구 불로동 검단신도시 AB20-1블록,551세대,2022-01-10,2022-01-12,111.1442,149.2792,"46,070","61,890"
27,인천 검단신도시 AB20-2블록 중흥S-클래스(사전청약),인천광역시 서구 검단지구 공동주택용지 AB20-2BL,1344세대,2022-01-10,2022-01-12,94.7201,193.4815,"39,900","104,000"
28,평택 고덕국제신도시 A-46BL 디에트르(사전청약),경기도 평택시 고덕 국제화계획지구 A-46블록,658세대,2022-01-10,2022-01-12,112.9888,139.1675,"51,991","59,194"
29,래미안 포레스티지,부산광역시 동래구 온천동 100-13번지 및 금정구 장전동 511-2번지 일원,2331세대,2022-01-13,2022-01-18,75.5604,184.2856,"33,000","89,900"
30,광주 방림 골드클래스,광주광역시 남구 방림동 1-1번지 일원,418세대,2022-01-17,2022-01-20,107.0551,277.8402,"58,890","180,100"
31,나나바루아아파트 102동,"대구광역시 남구 대명로 69(대명동, 나나바루아 아파트)",60세대,2022-01-17,2022-01-20,71.9701,110.0888,"25,000","39,500"
32,오산 세교2지구 A1블록 호반써밋 그랜빌 Ⅱ,경기도 오산시 궐동 세교2지구 A1블록,897세대,2022-01-17,2022-01-19,110.6023,137.4154,"43,150","53,150"
33,이천 센트레빌 레이크뷰,경기도 이천시 안흥동 320-1,180세대,2022-01-20,2022-01-24,118.5255,117.462,"71,310","68,600"
34,북서울자이 폴라리스,서울특별시 강북구 삼양로64길 8(미아동),327세대,2022-01-21,2022-01-26,52.321,148.3303,"45,100","134,300"
35,순천 오네뜨센트럴,전라남도 순천시 덕연로 71(조례동),404세대,2022-01-24,2022-01-27,110.7672,216.6654,"37,700","81,800"
36,안양 어반포레 자연앤 e편한세상(국민),경기도 안양시 만안구 안양동 618번지 일원(안양 냉천지구 주거환경개선사업),"1058세대
",2022-01-24,2022-01-27,70.3657,113.5713,"49,600","71,900"
37,한화 포레나 천안노태 1단지,충청남도 천안시 서북구 성성동 440-11일원,831세대,2022-01-24,2022-01-27,110.6901,148.8249,"46,000","61,800"
38,한화 포레나 천안노태 2단지,충청남도 천안시 서북구 백석동 76-50일원,777세대,2022-01-24,2022-01-27,111.5323,151.3754,"45,900","62,300"
39,호반써밋 포레센트 천안 삼룡1지구,충청남도 천안시 동남구 삼룡동 218-33,594세대,2022-01-24,2022-01-27,102.5848,188.4488,"34,400","72,550"
40,화성파크드림 공주월송,충청남도 공주시 월송동 669,303세대,2022-01-24,2022-01-27,111.0754,,"39,340",
41,김해 내덕지구 중흥S-클래스 더퍼스트,경상남도 김해시 내덕동 내덕지구 1블록 2-1로트,1040세대,2022-02-03,2022-02-07,78.9433,110.18,"29,000","41,300"
42,김해 장유역 한라비발디 센트로,경상남도 김해시 내덕지구 도시개발사업지구 46블록 1롯트,442세대,2022-02-03,2022-02-07,102.7978,111.8705,"37,431","40,891"
43,힐스테이트 몬테로이 1BL,경기도 용인시 처인구 모현읍 왕산리 산25,1043세대,2022-02-03,2022-02-07,78.773,246.47,"36,290","165,030"
44,힐스테이트 몬테로이 2BL,경기도 용인시 처인구 모현읍 왕산리 산25,1318세대,2022-02-03,2022-02-07,78.473,188.83,"35,930","139,700"
45,힐스테이트 몬테로이 3BL,경기도 용인시 처인구 모현읍 왕산리 산25,1370세대,2022-02-03,2022-02-07,78.56,188.571,"34,740","107,110"
46,한화 포레나 포항 2차,경상북도 포항시 북구 흥해읍 학천리 21번지 일원,350세대,2022-02-04,2022-02-08,111.78,,"39,850",
47,더샵 청주그리니티,충청북도 청주시 서원구 개신동 산104-6번지 일원,1191세대,2022-02-07,2022-02-10,85.2505,229.1389,"27,070","88,470"
48,화성비봉 공공주택지구 B2블록 호반 써밋,경기도 화성시 화성비봉 공공택지지구 B2블록,779세대,2022-02-07,2022-02-09,96.7539,113.246,"32,120","38,610"
49,광주 백운광장역 천년가 헤리시티,광주광역시 남구 백운동 634-1번지 일원,92세대,2022-02-14,2022-02-17,112.6371,112.1056,"58,896","58,944"
50,달서 푸르지오 시그니처,대구광역시 달서구 본리동 358-5,993세대,2022-02-14,2022-02-17,116.821,117.0663,"62,980","62,980"
51,도램마을13단지 중흥S-클래스 그린카운티,"세종특별자치시 보람로 95(도담동, 도램마을13단지)",70세대,2022-02-14,2022-02-16,81.401,,"14,333",
52,두산위브 광주센트럴파크,경기도 광주시 탄벌동 437-1,653세대,2022-02-14,2022-02-17,80.1093,111.5848,"38,900","52,100"
53,신경주역 더 메트로 줌파크,경상북도 경주시 건천읍 신경주역세권 B1BL,549세대,2022-02-14,2022-02-16,82.465,110.404,"26,700","36,100"
54,충주 세경아파트,충청북도 충주시 호암동 542-1외 1필지 세경아파트,171세대,2022-02-14,2022-02-16,66.11,,"6,850",
55,한화 포레나 청주매봉,충청북도 청주시 서원구 모충동 산62-10 일원,1849세대,2022-02-14,2022-02-17,100.0763,139.1207,"33,390","45,960"
56,양주 회천지구 A-20BL 대광로제비앙 2차(사전청약),경기도 양주시 덕계동 회천지구 A-20BL,502세대,2022-02-18,2022-02-22,98.0148,111.7583,"36,626","41,637"
57,파주 운정신도시 A33블록 우미 린(사전청약),경기도 파주시 운정신도시 A33블록,501세대,2022-02-18,2022-02-22,111.6135,112.0342,"44,070","43,060"
58,내포신도시 모아미래도 메가시티 2차,충청남도 홍성군 홍북읍 신경리 947-1(내포신도시 RH5-3블럭),836세대,2022-02-21,2022-02-24,111.0176,111.1526,"33,000","31,900"
59,대전 도마·변동 11구역 호반써밋 그랜드 센트럴,대전광역시 서구 도마동 145-8번지 일원,1017세대,2022-02-21,2022-02-24,60.4885,112.8151,"23,640","54,810"
60,센트레빌 아스테리움 영등포,서울특별시 영등포구 영등포동2가 439번지 일대,106세대,2022-02-21,2022-02-24,68.9251,83.9108,"54,927","67,100"
61,오산세교 한양수자인,경기도 오산시 서동 7-5번지 일원(서1구역 A2블럭),127세대,2022-02-21,2022-02-24,67.1078,109.0219,"28,110","47,090"
62,지제역 푸르지오 엘리아츠,경기도 평택시 동삭세교지구 도시개발구역 공동1블록,812세대,2022-02-21,2022-02-24,110.6181,110.1974,"53,533","53,325"
63,평택화양 휴먼빌 퍼스트시티,경기도 평택시 현덕면 화양길 94-39(평택화양지구 7-1BL),1468세대,2022-02-21,2022-02-24,84.2801,114.659,"32,732","46,357"
64,포항자이 디오션,경상북도 포항시 북구 항구동 17-358번지 일원,212세대,2022-02-21,2022-02-23,123.1467,222.6705,"64,450","269,580"
65,해링턴 플레이스 휴리움,대전광역시 중구 선화동 339-55번지 일원,744세대,2022-02-21,2022-02-24,80.168,111.1886,"37,150","56,270"
66,힐스테이트 레이크 송도 4차,인천광역시 연수구 송도동 397-2,1319세대,2022-02-21,2022-02-23,111.3703,220.4345,"89,900","249,700"
67,내포신도시 모아미래도 메가시티 2차,충청남도 홍성군 홍북읍 신경리 947-1(내포신도시 RH5-3블럭),836세대,2022-02-21,2022-02-24,111.0176,111.1526,"33,000","31,900"
68,장흥 줌파크 더 센트로,전라남도 장흥군 장흥읍 건산리 500-15번지 일원,239세대,2022-02-23,2022-02-25,108.5125,142.3586,"30,700","40,900"
69,e편한세상 안성 그랑루체,경기도 안성시 당왕동 42번지 일원,1370세대,2022-02-28,2022-03-04,88.0504,148.2323,"34,580","58,550"
70,수성 센트레빌 어반포레,대구광역시 수성구 파동 328-1번지 일원,310세대,2022-02-28,2022-03-04,92.0552,111.3042,"41,840","53,280"
71,신양주 모아엘가 니케,경기도 양주시 백석읍 홍죽리 산1-12번지 외 2필지,570세대,2022-02-28,2022-03-03,79.8219,111.5804,"23,540","33,880"
72,신영지웰 에스테이트 개봉역,서울특별시 구로구 개봉동 171-2번지 일원,101세대,2022-02-28,2022-03-04,54.5378,84.4058,"49,750","82,750"
73,칸타빌 수유팰리스,서울특별시 강북구 수유동 179-2외 4필지,216세대,2022-02-28,2022-03-04,36.5521,106.0268,"21,000","114,780"
74,힐스테이트 구리역,경기도 구리시 수택동 532번지 일원,250세대,2022-02-28,2022-03-04,80.69,108.42,"60,700","80,000"
75,힐스테이트 통영,경상남도 통영시 광도면 죽림리 327번지 일원,784세대,2022-02-28,2022-03-03,82.1056,195.0221,"32,100","79,330"
76,충주 예성세경아파트,충청북도 충주시 호암동 542-18외 3필지 예성세경아파트,555세대,2022-03-02,2022-03-04,29.969,62.86,"2,208","5,418"
77,엘리프세종6-3,세종특별자치시 산울동 일원(행정중심복합도시 6-3 M4블록),560세대,2022-03-04,2022-03-08,101.0305,114.141,"40,650","46,140"
78,KTX송도역 서해그랑블 더 파크,인천광역시 연수구 옥련동118-46번지 일원,348세대,2022-03-07,2022-03-11,99.056,108.869,"49,700","58,050"
79,광주 화정 골드클래스 2차,광주광역시 서구 화정동 23-191번지 일원,138세대,2022-03-07,2022-03-11,108.7165,108.806,"54,230","54,120"
80,라데사 포레 매곡,"광주광역시 북구 하백로5번길 34(매곡동, 라데사 포레 매곡)",44세대,2022-03-07,2022-03-11,125.7081,156.1533,"96,360","119,810"
81,첨단 프라임시티 서희스타힐스,광주광역시 북구 용두동 435-1번지 외 일원,56세대,2022-03-07,2022-03-11,94.4435,109.5095,"41,750","48,410"
82,이천 마장택지지구 B1블럭 휴먼빌까사포레,경기도 이천시 마장택지지구 B1블럭 (마장면 양촌리 354),338세대,2022-03-10,2022-03-14,83.41,111.807,"26,800","37,000"
83,파주운정3지구 A42블록 신영지웰 운정신도시,경기도 파주시 동패동 701-2,606세대,2022-03-10,2022-03-14,108.9503,129.5836,"45,700","54,200"
84,남청주 현도지구 B1블록 호반써밋(사전청약),충청북도 청주시 서원구 현도면 남청주 현도일반산업단지 B1블록,591세대,2022-03-10,2022-03-14,112.2,112.41,"33,197","33,239"
85,아산 탕정지구 2-A12BL 대광로제비앙(사전청약),충청남도 아산시 배방읍 세교리 아산 탕정지구 2-A12BL,368세대,2022-03-10,2022-03-14,109.7797,132.8699,"36,367","44,573"
86,울산다운2지구 B-2BL 우미린(사전청약),울산광역시 울주군 범서읍 서사리 305일원(울산다운2지구 B-2BL),1293세대,2022-03-10,2022-03-14,111.6266,112.5043,"40,050","39,510"
87,인천 검단신도시 AB13블록 호반써밋Ⅲ(사전청약),인천광역시 서구 원당동 검단신도시 AB13블록,815세대,2022-03-10,2022-03-14,111.6286,124.9052,"46,029","52,068"
88,제일풍경채 의왕고천(사전청약),경기도 의왕시 고천공공주택지구 B-2블록,810세대,2022-03-10,2022-03-15,109.372,110.4323,"63,488","63,475"
89,당진 수청2지구 RH-3블록 호반써밋 시그니처 3차,충청남도 당진시 수청동 당진수청2지구 RH-3블럭,853세대,2022-03-14,2022-03-16,113.3515,113.3515,"31,900","33,590"
90,서대전 한국아델리움,대전광역시 중구 당디로124번길 13-1(유천동),195세대,2022-03-14,2022-03-17,109.0702,109.3361,"45,055","47,510"
91,부산장안 디에트르(사전청약),부산광역시 기장군 장안읍 좌천리 361-4 일원,410세대,2022-03-14,2022-03-16,113.369,136.5173,"48,038","54,920"
92,부천 원종 아이원시티,경기도 부천시 소사로748번길 57-14(원종동),132세대,2022-03-17,2022-03-22,85.5436,105.083,"58,900","68,400"
93,가락마을6단지 중흥S-클래스 프라디움,"세종특별자치시 마음로 14(고운동, 가락마을6단지)",143세대,2022-03-21,2022-03-23,83.0869,84.0359,"16,882","17,139"
94,가락마을7단지 중흥S-클래스 프라디움,"세종특별자치시 마음안로 13(고운동, 가락마을7단지)",56세대,2022-03-21,2022-03-23,110.4674,110.5159,"22,252","22,351"
95,가야 봄여름가을겨울,부산광역시 부산진구 가야동 585,90세대,2022-03-21,2022-03-24,70.6456,102.8397,"28,900","51,500"
96,서광교 파크뷰,수원시 장안구 연무동 18-2 외 2필지,72세대,2022-03-21,2022-03-24,53.76,99.13,"29,420","59,000"
97,울산 베스티안,울산광역시 동구 전하동 681-1,62세대,2022-03-21,2022-03-23,108.131,109.8176,"49,230","49,376"
98,더 트루엘 포항,경상북도 포항시 남구 오천읍 구정리 528-9번지 일원,255세대,2022-03-25,2022-03-29,80.742,113.261,"25,990","34,240"
99,삼호 비스타동원,"울산광역시 남구 삼호로 68(무거동, 삼호주공아파트)",108세대,2022-03-28,2022-03-31,81.1354,115.1646,"45,250","66,780"
100,시지 라온프라이빗,대구광역시 수성구 신매동 69번지 일원,207세대,2022-03-28,2022-03-31,109.7994,,"79,980",
101,안양역 푸르지오 더샵,경기도 안양시 만안구 안양동 97-3번지 일원,687세대,2022-03-28,2022-03-31,59.84,131.76,"53,430","108,330"
102,오산 세교2지구 A20블록 힐데스하임(사전청약),경기도 오산시 오산세교2지구 A20블록,646세대,2022-03-28,2022-03-30,89.5984,108.9277,"33,180","40,256"
103,오산세교2 A-13블록 호반써밋(사전청약),경기도 오산시 오산세교2지구 A13블록,927세대,2022-03-28,2022-03-30,85.1167,110.9716,"33,597","45,030"
104,구서 태성에버리치,부산광역시 금정구 구서동 162-9,57세대,2022-04-04,2022-04-07,28.6675,66.9202,"11,036","27,830"
105,나주 한국아델리움 더하이츠,전라남도 나주시 이창동 714번지 일원,140세대,2022-04-04,2022-04-06,110.1763,192.7668,"32,769","55,401"
106,다대리슈빌,부산광역시 사하구 다대동 948-3번지 외 4필지,285세대,2022-04-04,2022-04-07,78.4813,78.4773,"36,073","36,071"
107,대구역자이 더 스타,대구광역시 북구 칠성동2가 500-2번지 일원,424세대,2022-04-04,2022-04-07,108.9405,156.2553,"54,440","131,970"
108,서울대입구역 더하이브 센트럴,서울특별시 관악구 봉천동 37-83번지 일원,35세대,2022-04-04,2022-04-07,76.4655,83.8118,"63,600","72,900"
109,양산 사송지구 C-2BL 우미린,경상남도 양산시 사송지구 C-2BL,688세대,2022-04-04,2022-04-06,110.1225,144.0005,"39,100","51,930"
110,양산 한신더휴,경상남도 양산시 평산동 589-3일원,405세대,2022-04-04,2022-04-06,91.4698,109.0182,"33,351","42,365"
111,용인 경남아너스빌 디센트 H2BL(1단지),경기도 용인시 처인구 양지면 남곡리 147-19외 12필지(용인남곡2지구 H2BL),326세대,2022-04-04,2022-04-06,111.2375,112.6289,"44,300","44,900"
112,용인 경남아너스빌 디센트 H3BL(2단지),경기도 용인시 처인구 양지면 남곡리 147-15외 8필지(용인남곡2지구 H3BL),450세대,2022-04-04,2022-04-06,110.2158,111.6039,"44,200","44,700"
113,용인 경남아너스빌 디센트 H4BL(3단지),경기도 용인시 처인구 양지면 남곡리 147-21외 11필지(용인남곡2지구 H4BL),388세대,2022-04-04,2022-04-06,110.5836,111.9729,"44,500","45,100"
114,이천 백사지구 1BL 신안실크밸리,경기도 이천시 백사면 모전리 1-11외 33필지,880세대,2022-04-04,2022-04-06,92.6309,112.3086,"36,600","48,700"
115,작전역 베네하임 더윈,인천광역시 계양구 작전동 415,166세대,2022-04-04,2022-04-07,80.2709,111.385,"40,287","58,845"
116,주문진 삼부르네상스 오션포레,강원도 강릉시 주문진읍 교항리 244-7외 9필지,234세대,2022-04-04,2022-04-06,97.3542,112.139,"27,870","32,970"
117,한화 포레나 미아,서울특별시 강북구 솔샘로 265일대(미아동 705-1일원),424세대,2022-04-04,2022-04-07,55.7391,118.1867,"54,488","114,924"
118,화순3차 한국아델리움,전라남도 화순군 화순읍 교리 98번지일원,135세대,2022-04-04,2022-04-06,53.1421,102.2118,"20,700","39,500"
119,디엘본가평설악,경기도 가평군 설악면 신천리 산 45-27번지 일원,107세대,2022-04-06,2022-04-08,82.307,154.7894,"27,050","49,990"
120,부암2차 비스타동원 아트포레,부산광역시 부산진구 부암동 298-163번지 일원,440세대,2022-04-07,2022-04-12,81.9951,114.4864,"43,000","63,800"
121,제일풍경채 검단Ⅱ,인천광역시 서구 불로동 AB18BL,1734세대,2022-04-08,2022-04-12,97.8259,145.2484,"41,000","62,300"
122,창원현동 A-2BL 10년 분양전환 공공임대주택,경상남도 창원시 마산합포구 현동310,809세대,2022-04-08,2022-04-12,72.718,82.5999,"7,332","8,490"
123,광주 선운2지구 예다음(사전청약),광주광역시 광산구 운수동 선운2지구 B-2BL,505세대,2022-04-08,2022-04-13,110.8807,112.2709,"47,155","47,746"
124,양주 회천지구 A-12BL 라온프라이빗(사전청약),경기도 양주시 양주회천지구 A12BL,568세대,2022-04-08,2022-04-12,109.9256,109.6654,"41,972","41,114"
125,인천 가정2지구 B2블록 우미 린(사전청약),인천광역시 서구 가정동 인천가정2 공공주택지구 내 B-2BL,278세대,2022-04-08,2022-04-13,109.9154,110.1739,"58,940","57,000"
126,파주 운정3지구 제일풍경채 A46BL(사전청약),경기도 파주시 동패동 415(운정3지구 A46BL)일원,345세대,2022-04-08,2022-04-12,110.9771,111.9917,"50,950","51,200"
127,평택 고덕국제신도시 A-50블록(사전청약),경기도 평택시 고덕택지개발지구 A-50BL,578세대,2022-04-08,2022-04-12,109.0121,127.8599,"49,569","57,569"
128,검단역 금강펜테리움 더 시글로 2차,인천광역시 서구 검단신도시 RC4BL 주상복합용지,483세대,2022-04-11,2022-04-13,115.2314,115.2855,"50,700","49,800"
129,문수로 푸르지오 어반피스,울산광역시 남구 신정동 1266-6번지 일원,339세대,2022-04-11,2022-04-14,115.6016,215.8743,"84,700","177,860"
130,인천 신흥동 3가 숭의역 엘크루,인천광역시 중구 신흥동3가 7-79 외 25필지,72세대,2022-04-11,2022-04-14,87.5671,121.7747,"37,773","52,529"
131,파주운정신도시 디에트르 에듀타운(A38BL),경기도 파주시 다율동 A38BL,489세대,2022-04-11,2022-04-13,116.6353,143.4482,"51,910","60,323"
132,화성 비봉 B-4BL 우미린,경기도 화성시 비봉면 삼화리 500,798세대,2022-04-11,2022-04-13,111.7345,113.0194,"39,300","38,560"
133,화성 비봉지구 B3블록 예미지 센트럴에듀,경기도 화성시 비봉면 삼화리 473,917세대,2022-04-11,2022-04-13,101.1086,111.3229,"33,230","38,922"
134,힐스테이트 검단 웰카운티(공공분양주택),인천광역시 서구 불로동 116(검단신도시 AA16BL),1073세대,2022-04-11,2022-04-13,96.8292,108.9002,"40,100","44,200"
135,힐스테이트 검단 웰카운티(민영주택),인천광역시 서구 불로동 116(검단신도시 AA16BL),462세대,2022-04-11,2022-04-13,127.3991,163.0805,"53,800","85,400"
136,김해 진례지구 C-2BL 디에트르(사전청약),경상남도 김해시 진례면 송정리 513-2 일원,502세대,2022-04-11,2022-04-13,110.1291,110.4187,"39,263","36,463"
137,파주 운정신도시 A49블록 시티프라디움 (사전청약),경기도 파주시 운정신도시 A49블록,438세대,2022-04-11,2022-04-13,79.9461,111.442,"33,841","47,174"
138,리더스시티 5블록,"대전광역시 동구 천동 228-9일대 (천동, 판암동 일원) 천동3구역 주거환경개선사업지구 내 5블록",1192세대,2022-04-18,2022-04-21,81.4839,113.8213,"29,345","39,631"
139,브라운스톤 인터포레,경기도 동두천시 생연동 284번지 일원,320세대,2022-04-18,2022-04-21,69.8403,98.3736,"24,270","32,670"
140,아산 벨코어 스위첸,충청남도 아산시 모종동 555-1외,299세대,2022-04-18,2022-04-20,115.8816,126.2293,"46,000","49,500"
141,안성 공도 센트럴카운티 에듀파크,경기도 안성시 공도읍 용두리 522-4번지 일원,433세대,2022-04-18,2022-04-21,111.1699,110.9442,"43,720","43,720"
142,힐스테이트 세운 센트럴 1단지,서울특별시 중구 입정동 189-1번지 일원,165세대,2022-04-18,2022-04-21,61.5097,88.5013,"65,430","99,920"
143,힐스테이트 세운 센트럴 2단지,서울특별시 중구 입정동 2-4번지 일원,264세대,2022-04-18,2022-04-21,62.4006,93.0957,"61,990","101,150"
144,힐스테이트 창원 더퍼스트,경상남도 창원시 성산구 내동 산33-1 일원,1779세대,2022-04-18,2022-04-21,114.654,170.3786,"52,100","77,400"
145,엘리프 송촌 더 파크,대전광역시 대덕구 송촌동 산25-6번지 일원,799세대,2022-04-19,2022-04-22,109.4931,142.9264,"45,690","57,850"
146,군산 신역세권 한라비발디 센트로,전라북도 군산시 내흥동 926,878세대,2022-04-25,2022-04-27,98.7588,110.5159,"29,300","32,900"
147,더샵 리듬시티,경기도 의정부시 복합문화융합단지 내 공동 1블럭 (산곡동 399번지 일원),536세대,2022-04-25,2022-04-28,80.0108,110.1393,"35,300","49,900"
148,무안 승원팰리체 더클래스,전라남도 무안군 무안읍 성남리 327-1번지 외 5필지,83세대,2022-04-26,2022-04-28,102.4811,184.5254,"33,800","59,800"
149,광안 스윗팰리스,부산광역시 수영구 광안동 74-5번지 외 2필지,71세대,2022-04-29,2022-05-04,51.35,72.47,"29,000","39,800"
150,e편한세상 시흥장현 퍼스트베뉴,경기도 시흥시 시흥장현공공주택지구 B-10블록,431세대,2022-05-02,2022-05-04,109.8893,109.4487,"48,486","46,161"
151,남악 오룡지구 36BL 남악오룡 시티프라디움,전라남도 무안군 일로읍 남악신도시 오룡택지지구 36BL,534세대,2022-05-02,2022-05-04,110.3267,110.323,"39,940","39,940"
152,서충주 푸르지오 더 퍼스트,충청북도 충주시 주덕읍 화곡리 1111번지 일원(충주기업도시 주상1블록),1029세대,2022-05-02,2022-05-04,102.8053,171.0907,"30,800","63,300"
153,센텀 아스트룸 SK VIEW,부산광역시 해운대구 반여동 1349번지 일원,544세대,2022-05-02,2022-05-06,79.7089,112.4709,"45,300","64,900"
154,완주이서 신일 해피트리,전라북도 완주군 이서면 은교리 653-3 일원,330세대,2022-05-02,2022-05-04,79.5469,105.1684,"22,460","29,990"
155,인천시청역 한신더휴,인천광역시 남동구 간석동 514번지 일원,162세대,2022-05-02,2022-05-06,62.4913,113.8845,"29,061","63,268"
156,휴온 아델리브 더 테라스,제주특별자치도 서귀포시 대정읍 구억리 863번지 일원,68세대,2022-05-02,2022-05-04,137.7598,137.2101,"104,500","109,800"
157,1호선 전곡역 제일풍경채 리버파크,경기도 연천군 전곡읍 전곡리 85-12번지 일원,845세대,2022-05-09,2022-05-11,86.561,289.0345,"28,892","129,402"
158,금곡역한신더휴,경기도 남양주시 금곡동 404-20번지 일원,192세대,2022-05-09,2022-05-12,45.2001,123.2941,"22,400","66,100"
159,김해 구산 푸르지오 파크테르,경상남도 김해시 구산동 691번지 일원,534세대,2022-05-09,2022-05-11,107.3588,139.3955,"56,470","78,770"
160,초혁신도시 반도유보라 마크브릿지,강원도 원주시 관설동 1426번지 외 4필지,476세대,2022-05-09,2022-05-11,89.1998,168.2822,"28,410","59,230"
161,마크원 순천,전라남도 순천시 강변로 893(석현동),99세대,2022-05-16,2022-05-19,135.8498,186.5608,"58,990","145,350"
162,영통 푸르지오 트레센츠(A1BL),경기도 수원시 영통구 망포동 종전부동산 망포지구 A1블록 (망포동 234-7번지 일원),796세대,2022-05-16,2022-05-19,112.0767,138.4319,"75,530","89,560"
163,영통 푸르지오 파인베르(A2BL),경기도 수원시 영통구 망포동 종전부동산 망포지구 A2블록 (망포동 234-6번지 일원),770세대,2022-05-16,2022-05-19,111.2652,137.5848,"73,720","87,520"
164,장락동 세영리첼 에듀퍼스트,충청북도 제천시 장락동 622-2 일원,564세대,2022-05-16,2022-05-18,110.2283,109.6738,"42,265","40,265"
165,제천자이 더 스카이,충청북도 제천시 신월동 1474번지 (미니복합타운 D1블록),713세대,2022-05-16,2022-05-19,106.4217,150.586,"32,260","48,980"
166,태왕아너스 더힐,대구광역시 달성군 유가읍 초곡리 426번지 일원,69세대,2022-05-16,2022-05-18,132.75,281.3279,"78,980","146,940"
167,제천자이 더 스카이,충청북도 제천시 신월동 1474번지 (미니복합타운 D1블록),713세대,2022-05-16,2022-05-19,106.4217,150.586,"32,260","48,980"
168,조례 한양수자인 디에디션,전라남도 순천시 조례동 1519-1번지 일원,340세대,2022-05-20,2022-05-25,126.7945,155.613,"49,100","59,100"
169,초읍 월드메르디앙 에듀포레,부산광역시 부산진구 초읍동 529-14번지 일원,96세대,2022-05-23,2022-05-26,67.7215,134.2577,"32,327","61,216"
